<?xml version="1.0" encoding="utf-8"?>
<annotations>
  <version>1.1</version>
  <meta>
    <task>
      <name>Parking Dataset</name>
      <size>1</size>
      <mode>interpolation</mode>
      <labels>
        <label>
          <name>free_parking_space</name>
        </label>
        <label>
          <name>not_free_parking_space</name>
        </label>
        <label>
          <name>partially_free_parking_space</name>
        </label>
      </labels>
    </task>
  </meta>
  <image id="0" name="/content/drive/MyDrive/Zain/project/input/62.jpg" width="1600" height="1200">
    <polygon label="not_free_parking_space" occluded="0" source="manual" z_order="0" points="707.0706824100379,459.92944778934606;600.4040157433712,815.5746090796687;1388.2828036221592,1098.639125208701;1526.4646218039773,559.1229961764428">
      <attribute name="not_visible">false</attribute>
    </polygon>
    <polygon label="not_free_parking_space" occluded="0" source="manual" z_order="0" points="67.07068241003788,539.7681574667654;50.100985440340914,651.0584800474105;149.4949248342803,680.0907381119267;176.16159150094697,554.2842864990234">
      <attribute name="not_visible">false</attribute>
    </polygon>
    <polygon label="not_free_parking_space" occluded="0" source="manual" z_order="0" points="183.43431877367425,534.929447789346;151.91916725852272,687.3488026280558;265.8585611979167,728.4778348861203;302.22219756155306,542.187512305475">
      <attribute name="not_visible">false</attribute>
    </polygon>
    <polygon label="not_free_parking_space" occluded="0" source="manual" z_order="0" points="479.19189453125,534.929447789346;517.9797733191288,699.445576821604;294.94947028882575,752.671383273217;253.73734907670456,588.1552542409589">
      <attribute name="not_visible">false</attribute>
    </polygon>
    <polygon label="free_parking_space" occluded="0" source="manual" z_order="0" points="522.8282581676136,689.7681574667654;629.4949248342804,709.1229961764428;581.0100763494319,844.6068671441848;309.4949248342803,767.187512305475">
      <attribute name="not_visible">false</attribute>
    </polygon>
  </image>
</annotations>