<?xml version="1.0" encoding="utf-8"?>
<annotations>
  <version>1.1</version>
  <meta>
    <task>
      <name>Parking Dataset</name>
      <size>1</size>
      <mode>interpolation</mode>
      <labels>
        <label>
          <name>free_parking_space</name>
        </label>
        <label>
          <name>not_free_parking_space</name>
        </label>
        <label>
          <name>partially_free_parking_space</name>
        </label>
      </labels>
    </task>
  </meta>
  <image id="0" name="/content/drive/MyDrive/Zain/project/input/63.jpg" width="1600" height="1200">
    <polygon label="not_free_parking_space" occluded="0" source="manual" z_order="0" points="132.52522786458334,980.8971774193549;246.46462180397728,736.5423387096774;442.8282581676136,722.0262096774194;488.8888642282197,1000.2520161290323">
      <attribute name="not_visible">false</attribute>
    </polygon>
    <polygon label="free_parking_space" occluded="0" source="manual" z_order="0" points="644.0403793797349,843.8003909203314;561.6161369554925,1027.6713586622668;857.3737127130682,1025.2520038235573;808.8888642282197,841.3810360816218">
      <attribute name="not_visible">false</attribute>
    </polygon>
    <polygon label="free_parking_space" occluded="0" source="manual" z_order="0" points="944.6464399857955,858.3165568690147;917.9797733191289,1068.8004278367566;1208.8888642282197,1061.5423633206276;1138.5858339251895,867.9939762238533">
      <attribute name="not_visible">false</attribute>
    </polygon>
    <polygon label="free_parking_space" occluded="0" source="manual" z_order="0" points="1264.6464399857955,860.7359117077243;1259.7979551373107,1063.9617181593371;1497.3737127130682,1059.1230084819179;1434.3434096827652,867.9939762238533">
      <attribute name="not_visible">false</attribute>
    </polygon>
  </image>
</annotations>