<?xml version="1.0" encoding="utf-8"?>
<annotations>
  <version>1.1</version>
  <meta>
    <task>
      <name>Parking Dataset</name>
      <size>1</size>
      <mode>interpolation</mode>
      <labels>
        <label>
          <name>free_parking_space</name>
        </label>
        <label>
          <name>not_free_parking_space</name>
        </label>
        <label>
          <name>partially_free_parking_space</name>
        </label>
      </labels>
    </task>
  </meta>
  <image id="0" name="/content/drive/MyDrive/Zain/project/input/64.jpg" width="1315" height="814">
    <polygon label="not_free_parking_space" occluded="0" source="manual" z_order="0" points="241.94693278529516,108.30545776885602;457.1400544647158,108.30545776885602;457.1400544647158,338.9594863758732;241.94693278529516,338.9594863758732">
      <attribute name="not_visible">false</attribute>
    </polygon>
    <polygon label="not_free_parking_space" occluded="0" source="manual" z_order="0" points="692.2584651885272,171.9341553156194;869.5935376836053,171.9341553156194;869.5935376836053,315.098724795837;692.2584651885272,315.098724795837">
      <attribute name="not_visible">false</attribute>
    </polygon>
    <polygon label="not_free_parking_space" occluded="0" source="manual" z_order="0" points="987.152743045511,140.1198065422377;1206.3309225338098,140.1198065422377;1206.3309225338098,265.3888048374281;987.152743045511,265.3888048374281">
      <attribute name="not_visible">false</attribute>
    </polygon>
    <polygon label="free_parking_space" occluded="0" source="manual" z_order="0" points="506.95327707569277,229.59766246737368;483.0429302224238,350.88986716589136;662.3705316219409,344.9246767708823;638.460184768672,231.58605926571005">
      <attribute name="not_visible">false</attribute>
    </polygon>
    <polygon label="not_free_parking_space" occluded="0" source="manual" z_order="0" points="871.5860665880443,181.87613930730117;879.5561822058007,289.24956641746434;989.14527194995,273.3423920307735;977.1900985233156,173.92255211395573">
      <attribute name="not_visible">false</attribute>
    </polygon>
  </image>
</annotations>