<?xml version="1.0" encoding="utf-8"?>
<annotations>
  <version>1.1</version>
  <meta>
    <task>
      <name>Parking Dataset</name>
      <size>1</size>
      <mode>interpolation</mode>
      <labels>
        <label>
          <name>free_parking_space</name>
        </label>
        <label>
          <name>not_free_parking_space</name>
        </label>
        <label>
          <name>partially_free_parking_space</name>
        </label>
      </labels>
    </task>
  </meta>
  <image id="0" name="/content/drive/MyDrive/Zain/project/input/66.jpg" width="1600" height="1200">
    <polygon label="not_free_parking_space" occluded="0" source="manual" z_order="0" points="15.622779095017025,455.30544485236044;255.6227569004168,455.30544485236044;255.6227569004168,636.9197884146587;15.622779095017025,636.9197884146587">
      <attribute name="not_visible">false</attribute>
    </polygon>
    <polygon label="not_free_parking_space" occluded="0" source="manual" z_order="0" points="619.2590869085983,508.5789856306346;779.2590721121982,508.5789856306346;779.2590721121982,636.9197884146587;619.2590869085983,636.9197884146587">
      <attribute name="not_visible">false</attribute>
    </polygon>
    <polygon label="not_free_parking_space" occluded="0" source="manual" z_order="0" points="1283.5014497235431,484.3637398223281;1576.8347559301428,484.3637398223281;1576.8347559301428,639.3413129954894;1283.5014497235431,639.3413129954894">
      <attribute name="not_visible">false</attribute>
    </polygon>
    <polygon label="free_parking_space" occluded="0" source="manual" z_order="0" points="294.4106321012895,578.8031984747232;139.25913129779872,668.3996079654571;308.9560853016167,692.6148537737635;444.71364850467114,571.5386247322314">
      <attribute name="not_visible">false</attribute>
    </polygon>
    <polygon label="free_parking_space" occluded="0" source="manual" z_order="0" points="510.1681879061438,576.3816738938926;376.83486690314396,702.3009520970861;515.0166723062529,702.3009520970861;604.713633708271,581.2247230555539">
      <attribute name="not_visible">false</attribute>
    </polygon>
    <polygon label="free_parking_space" occluded="0" source="manual" z_order="0" points="808.3499785128527,583.6462476363845;900.4711821149252,578.8031984747232;919.8651197153616,695.0363783545941;786.5317987123617,692.6148537737635">
      <attribute name="not_visible">false</attribute>
    </polygon>
    <polygon label="free_parking_space" occluded="0" source="manual" z_order="0" points="956.2287527161798,566.69557557057;939.2590573157979,687.7718046121022;1048.3499563182525,695.0363783545941;1031.3802609178706,559.4310018280781">
      <attribute name="not_visible">false</attribute>
    </polygon>
    <polygon label="free_parking_space" occluded="0" source="manual" z_order="0" points="1096.8348003193432,561.8525264089087;1099.2590425193978,687.7718046121022;1193.804488321525,687.7718046121022;1193.804488321525,581.2247230555539">
      <attribute name="not_visible">false</attribute>
    </polygon>
  </image>
</annotations>