<?xml version="1.0" encoding="utf-8"?>
<annotations>
  <version>1.1</version>
  <meta>
    <task>
      <name>Parking Dataset</name>
      <size>1</size>
      <mode>interpolation</mode>
      <labels>
        <label>
          <name>free_parking_space</name>
        </label>
        <label>
          <name>not_free_parking_space</name>
        </label>
        <label>
          <name>partially_free_parking_space</name>
        </label>
      </labels>
    </task>
  </meta>
  <image id="0" name="/content/drive/MyDrive/Zain/project/input/67.jpg" width="1200" height="1600">
    <polygon label="not_free_parking_space" occluded="0" source="manual" z_order="0" points="11.717393145904857,592.6681193334023;122.6293970049077,592.6681193334023;122.6293970049077,698.2121925433631;11.717393145904857,698.2121925433631">
      <attribute name="not_visible">false</attribute>
    </polygon>
    <polygon label="not_free_parking_space" occluded="0" source="manual" z_order="0" points="171.72159543430243,598.1272955339175;391.7273735808491,598.1272955339175;391.7273735808491,738.2461513471413;171.72159543430243,738.2461513471413">
      <attribute name="not_visible">false</attribute>
    </polygon>
    <polygon label="not_free_parking_space" occluded="0" source="manual" z_order="0" points="475.365933867966,625.4231765364935;886.2858170177143,625.4231765364935;886.2858170177143,845.6099499572739;475.365933867966,845.6099499572739">
      <attribute name="not_visible">false</attribute>
    </polygon>
  </image>
</annotations>